"CLIENT","eOMtThyhVNLWUZNRcBaQKxI","yedUsFwdkelQbxeTeQOvaScfqIOOmaa"
"CLIENT","JxkyvRnL","RYtGKbgicZaHCBRQDSx"
"CLIENT","VLhpfQGTMDYpsBZxvfBoeygjb","UMaAIKKIkknjWEXJUfPxxQHeWKEJ"
"CLIENT","dpHYZGhtgdntugzvvKAXLhM","LlN"
"CLIENT","gNfZBdyFGRajVfJNonEnOinZj","UfzQhdgLLfDTDGspDb"
"CLIENT","QvBQYuxiXXVytGCxzVllpgTJKhRQq","qszYL"
"CLIENT","YdvDhtAsLghPXAgtbprXPZkhnfLTBSX","sPB"
"CLIENT","Oxm","QIn"
"CLIENT","yIvpRgmgQsYEKk","AAAryjCRhLTuhnTodUewZQqaZErU"
"CLIENT","aofGvthLoyPLDADYzx","WoaMAzEEplqjJ"
"CLIENT","jNBgpTmxx","pIoQM"
"CLIENT","ODRhfGEfX","IoTtOmcBeivNUYv"
"CLIENT","PBzMiJFouxILNv","FthRIkE"
"CLIENT","gEYzhlSTPkcSUyTSbBkU","OV"
"CLIENT","dwprLNbgNvZUMpqAXLJbjE","TiQaUNWftniOAotnzWvkQt"
"CLIENT","Wru","zGVyIdgFUYNdkFYkkjNIeENlreqFLC"
"CLIENT","MFOPluIOMfSnzX","HuubOREhRXJoDCVcLCRmll"
"CLIENT","oBeMdQkAoYZDjfWhbzkmA","NBaxYoMSiMNxLXFLxIok"
"CLIENT","teOlrImKiDpJbLDnvK","DiACnbEKIFidn"
"CLIENT","AzTaco","M"
"CLIENT","O","yybxVLsNlAeLWVhnIULZAyLBms"
"CLIENT","LcdeWTdXPlQgjMVXbpRYzBT","jzlglRKAeamYUmWJtnJZLqwakeYcea"
"CLIENT","YFBlWcoVdFXlfhbUilkMpiHDMU","veErKUBEqCrhrtgx"
"CLIENT","JkjHewSlMWOIVYZjIEB","etqguztl"
"CLIENT","WtKhlfZzDZ","xlpKnXmsjfwUTYgfExSOnq"
"CLIENT","wXgwbUXmExZAqY","dJStFJtVTQqOCjYYKFPwjvFKLQnmKD"
"CLIENT","yLUuEMaNwExpndMYYptSXZv","ExoLZAnxWro"
"CLIENT","zQeAydAJIwkGuKWiVZLRcElhreuxvw","YVeSelxWdEtYtJHV"
"CLIENT","etgDUdmb","cTVyrXOaoLCFQUOEXynhaz"
"CLIENT","hXJISTd","cdpW"
"CLIENT","VIhYOTAybWXyBzGqRe","wKkOqxJSqDjAtcDF"
"CLIENT","MMSKu","THjDRbPaqGjvVLsIUO"
"CLIENT","YaahxwwkK","aNVLssRUe"
"CLIENT","MedmIqFUtdxTB","RRVabC"
"CLIENT","DwmrfUyJVSbdBFIyjTfpDItaXB","IQrWtYnHcO"
"CLIENT","XgLyqkDjxtCDIj","GGiDYDmCRViOaAXNumPGEBX"
"CLIENT","O","bplgXS"
"CLIENT","PAgcjtZAOBahwMGwNikIaKuxYYVASJc","IaSPolvldIfZTciudeieeoLVjkmgvz"
"CLIENT","BItmxBtJpbqEfQgWhKXmKMICCEU","YIvewgAhbiAslSgvGJGPPEpl"
"CLIENT","FkG","BXjwiQjQKBhPbNYa"
"CLIENT","oDLDPR","JuhuUTlSCYdTVoSsJGyClHNnCWZGwZ"
"CLIENT","ImfitPVWqHXHNeZIUAYI","ToPMiWqHMXgOUxQpXiGHHqr"
"CLIENT","JUt","jWgnTkIeIrtqMPl"
"CLIENT","BIJtaer","QEskqEWDSDObmCGpVd"
"CLIENT","IgYnmBOoTiRwXILYPxNoVlgkbSZ","tOXr"
"CLIENT","rDetIVodUvethundXqBJQ","qPFJOkHIpWuqUBpPiSGKutNzPuBDe"
"CLIENT","ZfevGGIyInuRGUCg","GcGUaENkutTuUTC"
"CLIENT","nBJbTUuAgHABZTPBC","VaNvgPNPNdoDlMXoAwSuSKKPcTH"
"CLIENT","ZBzhTZzyzEYLAEhIrdjvCmERMl","QwRtlgJMzFfzLvgGOdyoxJF"
"CLIENT","IVsRIMiVnPwvmkahoHdVyCizi","hprfcQEahQopqOKigBgIR"
"CLIENT","bVxIKizEZqcOHAtUBCLrP","cedRWcOca"
"CLIENT","n","MJunJ"
"CLIENT","PSxwMDkpVdpPPmMkvQzMPMzmv","OeNujiqMhRMxZqYNVITQFLfat"
"CLIENT","DljaRmBHVP","K"
"CLIENT","TqAeeGGOsayeZaiid","NlrPLOmYMZqH"
"CLIENT","xETBnrbhFb","MsMopQF"
"CLIENT","ReYOZ","HuOkwoGMjfyz"
"CLIENT","r","GeRegVvr"
"CLIENT","tUcZv","oMDBOXQZoTV"
"CLIENT","TRibibvfrV","UEZ"
"CLIENT","vXnsKKeWRvXUOo","MFOntGwQ"
"CLIENT","OupyXNhMOUjVDsG","IsRcm"
"CLIENT","cJcrTBYYfMOJsQ","vyvOyYRbkdQgIsAfelbohRfb"
"CLIENT","xOAwBtmfSwKEpYp","QmhGWhGIMrvodaRacatwcYZz"
"CLIENT","QRMJmsdQDOgtFXhTSqWHdFjjbPJ","roycD"
"CLIENT","TFWc","AFCgCUKZOnRWjfYXGfQa"
"CLIENT","eulM","ShbjkpWHaCgIH"
"CLIENT","DqpvBvXwUntedYgKyfsYslKCiAqRV","GY"
"CLIENT","CcWqiiCdoqNVwxNkedJXwzScVQ","gs"
"CLIENT","XMQZIeIMC","cDoozHPdtFuXbglQmPpfaFWCNHGlJ"
"CLIENT","ZvyxlRcjBqfswv","xlp"
"CLIENT","CfRTeKwFQdmmfVfpqlXlSDZHY","rNdKIneNxIvWnrOaoRCo"
"CLIENT","blYrsQFiCOxvKWEjrAsPDzKxhf","mjLgOGYauEgmMmxBzA"
"CLIENT","LR","KeaQbsnmRMhHfErVCEkcH"
"CLIENT","dqLHkfzZyqoOobgrMLdCifPGZCbbiu","zPAIhgbdQSDjSwUMITalAEnGIDKu"
"CLIENT","GsdXQSbMazTniYZanZqNTl","kfPAjvyKPihCrCmzoRxLcQsxVLytaE"
"CLIENT","SEowKE","LmsDjaKUHQGcw"
"CLIENT","fpMv","tcjfPJOVHQjmVCgCePeHOE"
"CLIENT","yaVUnOnIbTeygCJPTWqGbAIxv","EMePviztmdfqpvNrRqHVbFAphbnBMTI"
"CLIENT","ROL","ytPfLdSDzTAVPwbGXOu"
"CLIENT","Pomfs","EzkUDLepGW"
"CLIENT","iPMA","OQVnUwQPraJHLPr"
"CLIENT","y","XdgmWNbwLUXUeMm"
"CLIENT","wWThmFgf","rlF"
"CLIENT","CgyZxbpsUGupqoy","QpVRFpRXlWkaZgdLUFlWyKvdrHf"
"CLIENT","KgZIFWDnwypaEupdRXDoXqDqJYSu","EuOxsDtMWutbmjqfypdBQigZk"
"CLIENT","VfaVtB","T"
"CLIENT","hexbZwMuoE","MhthsxzczLQLnnaShLWsrKonDTdxYM"
"CLIENT","grEFTmbXZsOtJZgOSYbvqFYoiR","AvQVzKwsYr"
"CLIENT","JoXpjgfJSbfvnFX","vnxIBe"
"CLIENT","fp","VNAHfDSY"
"CLIENT","vGOosmixlhAkVJqloTKfzouiPpa","WXBjxEYAukF"
"CLIENT","KNbgNP","kMqmUbi"
"CLIENT","OcAqemov","uDfYPYRKGLkCycEvgJBLFguQPIDKGTe"
"CLIENT","LyuwQleqFmPPghIgjPIbCvcLfvZgLto","HPdhkNUhzrzgPkCDqfMwHikwtySGb"
"CLIENT","IgOGiJvvkrWkCNNzccNM","lMpTpPHdOpcJiiMIwxsqgTGQIdWDuD"
"CLIENT","iHIVvNkATvQKBNBcIltsNMyznxPlsr","ucWTgYTk"
"CLIENT","yMPChSB","LsBVdlMNlSsOFvnyYG"
"CLIENT","vMfRBFBQTCAXujDhGGHwUpKLx","nEOxJtAzCNYJESqYyrownyle"
"CLIENT","tAnEMeXnRAVNUSkRy","rsiAhLzZQryGvbioU"
"CLIENT","IMmhLOqDltfUwA","qWo"
"CLIENT","xZCVmIvUyr","adKNbxM"
"CLIENT","wTiYlONPbytccZevAHtGXfY","KqoANO"
"CLIENT","Fh","otFmctdBhLgmXhGFu"
"CLIENT","BSuuuhtxsjbfwZYEWqrMoERZwi","VbdTtMjmWLVJdmhpPdXcLEO"
"CLIENT","ePwoqFBxBHAcdvXeItY","cffjPqMDHeAwhGweLJpL"
"CLIENT","Ko","cfysZhLylzXvXfEEdYALxQwJOjvvuC"
"CLIENT","QHjHHjFwVKkoxYxdAVPkBGV","IWzzFVwyWKzlhKMqmsLqQUDBzKxK"
"CLIENT","ZIkowQoBkpSHWpDJcdJoylO","JWekLYCilwsmSglpMXbLsYY"
"CLIENT","TZxz","TrfzCLXljsIVShA"
"CLIENT","wZLkKFyzvANf","vfGUbqPjfDQjzUXCKwu"
"CLIENT","OqcjIO","MRvUFXXnMrEml"
"CLIENT","lBwZlNVKwsmgT","pEVnNlLNEgy"
"CLIENT","wAIditVRc","tqhWxHmbRgvRWf"
"CLIENT","SOtkMbpZjumQOYEaaDWymzE","pIwdYgEQzAPpmGvvtncdxYgVq"
"CLIENT","cwOMAnizMjcHvTdAqEeTahiGze","QjBPvBfmEOkTuZxpKYcrty"
"CLIENT","btSIOUkdrIatQJjiWCMDkLd","uYEHIssJZqYakU"
"CLIENT","ZozqmwXCSgjaOmseCOwlqrKytwgUOz","sLsMK"
"CLIENT","OMTiBJPLXEijWVCigyGiabrJpQj","XAEUPNrvhXOvldCUDmTQTFQYhtRqbtZ"
"CLIENT","YSVyFVQSoAjfhncysRg","txkPRiWKVApzFcYl"
"CLIENT","BTazUiAWugTbTusLrUSDb","y"
"CLIENT","uVFmsYkRxgCZZtv","FBaYZvbJSRsxeDp"
"CLIENT","YlIuVnRwqqaXdEJ","HXlNyoXpYBEfiOSwhfP"
"CLIENT","A","OiXKrsyOBCjEqGXTSPTaSJMatrhF"
"CLIENT","ebZfoMIAAQjGyIrYzxhEbRpeQ","XeD"
"CLIENT","ZLbuxf","BwEXXjhw"
"CLIENT","QZuwbTNxAeoJ","QtTOflXbHOncEUnOvXIXc"
"CLIENT","fWVIjSlBcJ","YITraltpvZfJTLmESNnapFhN"
"CLIENT","sJpgFePnOyns","XVySnCsapwmbCYBG"
"CLIENT","eeyfZrJFBNaEuifCNkszyiEoQ","gZMLCkOPXmdXNjx"
"CLIENT","JYWitjSodgE","yQYcIOkvAhLTcmYrO"
"CLIENT","LszOqwGlmyzrhupKjZNKuuiOP","A"
"CLIENT","gFhomWJfRGWaenLOfnnbs","vVUNOIIkGfcJxDJJ"
"CLIENT","ZJbEarRLyuorIWNQOnyxEhUZUSQT","AwirgqwyeMk"
"CLIENT","ANvTRlyuhxQOVPbkYtnUGVoPhqgtN","qxpqBvcqbbc"
"CLIENT","gbxddUcTxgUrCNPcqDB","qzRqqQguCWqel"
"CLIENT","AZWGNDbwVydJjUFpuYnYyF","olqwISJ"
"CLIENT","OtzCNOSxfoRrtAfJCbmCI","mLHIRhFVIjiziEduCgomzdXPPtQq"
"CLIENT","sDNHAyGTnNUJXqHscWZgWZAek","DirveTpIBclzm"
"CLIENT","LFFPU","qs"
"CLIENT","GHGzfbDtBzsLhoyPjMXvK","qrbmqXPOsLZgRVfijYgrjkBScvAf"
"CLIENT","FAJPL","UOvna"
"CLIENT","ZyFprInRwGnCzzKlBKKmer","IMPAgkNoeYfbFOJRDNjNdmVGBtz"
"CLIENT","tWTcafmTx","RQraCtCxLklPi"
"CLIENT","vKOVaTwAKzvNq","HVrbvjsWywtPAkEusXwpjF"
"CLIENT","iYAEDphgbEnTsLWMLtXndArryVNN","NsBBwQCWudVIOdTBGekx"
"CLIENT","iOK","esleAVkNopHIQgYGLlIATF"
"CLIENT","rAv","xsxbMLeWsiF"
"CLIENT","KoHURsAE","FZObrvYcJZUdQpkNMRWMnuqMZjGmbG"
"CLIENT","pqIfdz","l"
"CLIENT","CGXKUncoGjNmiufEezsqjyaf","frIBPZPaBSoCKMLUHpjvOgdpkHbj"
"CLIENT","vyMUyiUot","vTxvPHxRUSsO"
"CLIENT","NlVSeUjkrTVXWWjRx","FVXqaXZzZ"
"CLIENT","f","UZGjplCWIHgWC"
"CLIENT","zzgQumDOlHcTKpEDMMQAinV","aHOczHSZ"
"CLIENT","RaDcy","blh"
"CLIENT","iCGpFLjieraUbUBrfUNpNDetDurdT","EuwhAbssi"
"CLIENT","VUsjukttLVNgALOeIlaRbcuCmRofUK","k"
"CLIENT","WTQmuzKx","QWOsGZtOkrZUwsHIfhAdCfVqsdirC"
"CLIENT","svnVdfMIWKK","RTzziBjTVesYHPeRqqnRMqkrUBXhc"
"CLIENT","uMC","yWsEJVFyrWhjUrBmye"
"CLIENT","PrISvXOiTDXRusOyjfHuTWKRwBJOm","gDTFMaFREGoKZovAD"
"CLIENT","JABgJQuuFK","RCwdOHKbJuFhfYRW"
"CLIENT","RxtRlwILVXbRvbIODtPxDYpLArKUnKp","xzNsZDNC"
"CLIENT","oNwEKoMHBjAjbiWSSSRpRXL","AURzyt"
"CLIENT","lmbnRTFArBmCsVoOcCJNSiiAR","GiEvtzMXGjrOkbSWTmyDBS"
"CLIENT","ivvEA","BPQKbPFZ"
"CLIENT","MkmClFzFUyrbfdGs","vwsjtVleu"
"CLIENT","UVNrvjOYQBbPzeteLsatwvGFiQts","NzguJXznivAEBCzNd"
"CLIENT","AikVFYzzABIXIciOvSgOqPqiBX","Ebyrzvmdzt"
"CLIENT","VWTmdEhzBFVRTXZmUxvJSmva","x"
"CLIENT","pRATCjAxtoeahnuqTvlBMlDcVUfBfay","STDo"
"CLIENT","TUfoRTFWHJLIJhaXcZuIhzs","r"
"CLIENT","GLgmqINEeckO","E"
"CLIENT","KcDFogAcFQmhFHUwjfZqFF","olAXvJyVaIdUIjRDooPEq"
"CLIENT","bNeMIGAKLz","fmLLG"
"CLIENT","FjVTXbAxyytUeUpdT","mxPZDfJpnljucaA"
"CLIENT","XcGJ","resTjMbmoOkFbaEzFrWlXC"
"CLIENT","pwyfLmsdJYRkjim","rUVcUFrXkDCl"
"CLIENT","ZroPKZgL","lwMFYNncvLJMfQfrnPnBPGHN"
"CLIENT","RaaRZRzdKkbZIPzm","ZTKjOqBNPKtIXorhjjfmCaOsuPxVSvH"
"CLIENT","FTuYbqcdCouZhBOxhCXLhe","YowUBLQUE"
"CLIENT","Um","trzfWzzyVzubjvJIkgGTznStmeK"
"CLIENT","qUTKprXzzGKWJTteLLldkvYAfDigjGH","wMxHPeQPF"
"CLIENT","wnznyWxIEdNybTSltmSVdRr","TpAGWRBQ"
"CLIENT","Lds","vNfimICHWvrmiJySnRFutxVr"
"CLIENT","FBWS","Bim"
"CLIENT","pBFK","KYmCnumaWRAhRoBxTHkhdj"
"CLIENT","hZzpygzWW","N"
"CLIENT","EDGPoWXRYhzLCqZrqc","uhKmBaTubLYSdaWHUJH"
"CLIENT","mDNEwMzSAIVgFdfXLVgkYpFTU","eGJkNx"
"CLIENT","rhlkWokdrIP","wBg"
"CLIENT","guXVjlM","hlNFlbpkzznkDqTCbTyzjBs"
"CLIENT","ETyvemwvoadcvlvrhCDNOq","yJXkKha"
"CLIENT","wShXIVYMjWEHQSE","KbkQSblii"
"CLIENT","cokqwrDqNcH","gRUMSrpufyRcqQ"
"CLIENT","OIAFRT","DKYXDZLrtrJuQBWIDgYyiI"
"CLIENT","AxVkWjTsIGpzTxFNLKONhVqpFXHLEId","qkGNyIsGNAPkE"
"CLIENT","tQCCJSmAVisPEazXFQ","MwmkhrHNzaqwBtVGwiPCbswTskPsm"
"CLIENT","JqKCfgqVTsAoFTErynF","cgTjHdfSbFeOIFvNRZksaB"
"CARD","eOMtThyhVNLWUZNRcBaQKxI","2024-06-18","yedUsFwdkelQbxeTeQOvaScfqIOOmaa","-167885730524958550","58"
"CARD","VLhpfQGTMDYpsBZxvfBoeygjb","2029-10-26","UMaAIKKIkknjWEXJUfPxxQHeWKEJ","-3581075550420886390","76"
"CARD","gNfZBdyFGRajVfJNonEnOinZj","2015-01-25","UfzQhdgLLfDTDGspDb","1326634973105178603","6"
"CARD","YdvDhtAsLghPXAgtbprXPZkhnfLTBSX","2022-03-06","sPB","-1694783153133139413","108"
"CARD","yIvpRgmgQsYEKk","2026-02-12","AAAryjCRhLTuhnTodUewZQqaZErU","1210033231312349320","16"
"CARD","jNBgpTmxx","2027-07-05","pIoQM","7830028867000074426","82"
"CARD","PBzMiJFouxILNv","2024-04-27","FthRIkE","7314076204812145092","4"
"CARD","dwprLNbgNvZUMpqAXLJbjE","2011-06-10","TiQaUNWftniOAotnzWvkQt","4804084248667953465","156"
"CARD","MFOPluIOMfSnzX","2025-12-04","HuubOREhRXJoDCVcLCRmll","3899741886324459877","12"
"CARD","teOlrImKiDpJbLDnvK","2021-07-29","DiACnbEKIFidn","-5738853485602064100","85"
"CARD","O","2028-02-29","yybxVLsNlAeLWVhnIULZAyLBms","-981261886383069152","125"
"CARD","YFBlWcoVdFXlfhbUilkMpiHDMU","2012-12-23","veErKUBEqCrhrtgx","-5969394034050049196","21"
"CARD","WtKhlfZzDZ","2029-07-03","xlpKnXmsjfwUTYgfExSOnq","7156814178861103683","128"
"CARD","yLUuEMaNwExpndMYYptSXZv","2011-04-25","ExoLZAnxWro","582119640634903450","197"
"CARD","etgDUdmb","2011-05-23","cTVyrXOaoLCFQUOEXynhaz","-1079643762651135835","199"
"CARD","VIhYOTAybWXyBzGqRe","2011-10-25","wKkOqxJSqDjAtcDF","-7487977810896584711","83"
"CARD","YaahxwwkK","2018-06-28","aNVLssRUe","-5625430285771842101","60"
"CARD","DwmrfUyJVSbdBFIyjTfpDItaXB","2027-06-28","IQrWtYnHcO","-5064906505645556577","73"
"CARD","O","2021-07-03","bplgXS","8952652488435071836","97"
"CARD","BItmxBtJpbqEfQgWhKXmKMICCEU","2017-12-06","YIvewgAhbiAslSgvGJGPPEpl","4047834147411242470","152"
"CARD","oDLDPR","2015-03-02","JuhuUTlSCYdTVoSsJGyClHNnCWZGwZ","-8952004768583126073","122"
"CARD","JUt","2013-01-21","jWgnTkIeIrtqMPl","4854543426611963037","133"
"CARD","IgYnmBOoTiRwXILYPxNoVlgkbSZ","2015-03-18","tOXr","3098185324426972211","103"
"CARD","ZfevGGIyInuRGUCg","2019-03-27","GcGUaENkutTuUTC","8235617940769464475","173"
"CARD","ZBzhTZzyzEYLAEhIrdjvCmERMl","2018-10-13","QwRtlgJMzFfzLvgGOdyoxJF","3236989773587778216","65"
"CARD","bVxIKizEZqcOHAtUBCLrP","2014-03-25","cedRWcOca","-2753290635360365177","174"
"CARD","PSxwMDkpVdpPPmMkvQzMPMzmv","2022-04-14","OeNujiqMhRMxZqYNVITQFLfat","8985394130476872827","34"
"CARD","TqAeeGGOsayeZaiid","2010-09-02","NlrPLOmYMZqH","-7105464414206290462","45"
"CARD","ReYOZ","2023-10-12","HuOkwoGMjfyz","8741516651786060031","159"
"CARD","tUcZv","2023-09-07","oMDBOXQZoTV","-2700425672391700394","87"
"CARD","vXnsKKeWRvXUOo","2011-07-04","MFOntGwQ","-1488003346043220886","96"
"CARD","cJcrTBYYfMOJsQ","2028-12-08","vyvOyYRbkdQgIsAfelbohRfb","-8572165312685798590","119"
"CARD","QRMJmsdQDOgtFXhTSqWHdFjjbPJ","2018-09-27","roycD","-4979170095138826490","33"
"CARD","eulM","2023-11-17","ShbjkpWHaCgIH","-6505111070851151226","56"
"CARD","CcWqiiCdoqNVwxNkedJXwzScVQ","2023-07-13","gs","2964753085548698777","5"
"CARD","ZvyxlRcjBqfswv","2022-07-30","xlp","5751362079789648779","114"
"CARD","blYrsQFiCOxvKWEjrAsPDzKxhf","2021-06-30","mjLgOGYauEgmMmxBzA","6706018731672555542","122"
"CARD","dqLHkfzZyqoOobgrMLdCifPGZCbbiu","2017-10-05","zPAIhgbdQSDjSwUMITalAEnGIDKu","2916764516331717527","157"
"CARD","SEowKE","2013-10-13","LmsDjaKUHQGcw","4225129725418293125","24"
"CARD","yaVUnOnIbTeygCJPTWqGbAIxv","2010-07-15","EMePviztmdfqpvNrRqHVbFAphbnBMTI","5641073500334083152","191"
"CARD","Pomfs","2010-08-19","EzkUDLepGW","4668520819650225200","6"
"CARD","y","2026-08-11","XdgmWNbwLUXUeMm","7923334561086188174","192"
"CARD","CgyZxbpsUGupqoy","2024-10-20","QpVRFpRXlWkaZgdLUFlWyKvdrHf","-4482719343386508529","26"
"CARD","VfaVtB","2028-10-30","T","2328241308507134822","194"
"CARD","grEFTmbXZsOtJZgOSYbvqFYoiR","2026-07-09","AvQVzKwsYr","7247684422315704694","2"
"CARD","fp","2020-04-14","VNAHfDSY","-3253194140128865420","9"
"CARD","KNbgNP","2021-11-18","kMqmUbi","-1624218983402823170","51"
"CARD","LyuwQleqFmPPghIgjPIbCvcLfvZgLto","2014-07-26","HPdhkNUhzrzgPkCDqfMwHikwtySGb","-4041364522009944984","128"
"CARD","iHIVvNkATvQKBNBcIltsNMyznxPlsr","2016-01-24","ucWTgYTk","-7902538403095274063","184"
"CARD","vMfRBFBQTCAXujDhGGHwUpKLx","2023-11-26","nEOxJtAzCNYJESqYyrownyle","-875702229649376044","109"
"CARD","IMmhLOqDltfUwA","2018-07-26","qWo","-858277280417092230","159"
"CARD","wTiYlONPbytccZevAHtGXfY","2029-04-23","KqoANO","1873934022826907189","94"
"CARD","BSuuuhtxsjbfwZYEWqrMoERZwi","2024-07-05","VbdTtMjmWLVJdmhpPdXcLEO","-252272202290227253","39"
"CARD","Ko","2016-09-14","cfysZhLylzXvXfEEdYALxQwJOjvvuC","2675562347634189631","6"
"CARD","ZIkowQoBkpSHWpDJcdJoylO","2029-03-02","JWekLYCilwsmSglpMXbLsYY","8914104323199602320","86"
"CARD","wZLkKFyzvANf","2019-09-16","vfGUbqPjfDQjzUXCKwu","4510945875063656558","134"
"CARD","lBwZlNVKwsmgT","2014-11-29","pEVnNlLNEgy","-2639731705585997483","55"
"CARD","SOtkMbpZjumQOYEaaDWymzE","2023-11-27","pIwdYgEQzAPpmGvvtncdxYgVq","3327479835135226058","13"
"CARD","btSIOUkdrIatQJjiWCMDkLd","2014-05-22","uYEHIssJZqYakU","-827595607133435981","31"
"CARD","OMTiBJPLXEijWVCigyGiabrJpQj","2012-03-23","XAEUPNrvhXOvldCUDmTQTFQYhtRqbtZ","8892940566756196602","154"
"CARD","BTazUiAWugTbTusLrUSDb","2021-04-29","y","4195219366531491840","121"
"CARD","YlIuVnRwqqaXdEJ","2020-04-17","HXlNyoXpYBEfiOSwhfP","3047511661431578253","159"
"CARD","ebZfoMIAAQjGyIrYzxhEbRpeQ","2013-02-03","XeD","-100468148583612873","140"
"CARD","QZuwbTNxAeoJ","2021-01-15","QtTOflXbHOncEUnOvXIXc","-6851587731001292412","130"
"CARD","sJpgFePnOyns","2015-04-07","XVySnCsapwmbCYBG","4301655317135300390","138"
"CARD","JYWitjSodgE","2015-08-14","yQYcIOkvAhLTcmYrO","-3771407466253906397","151"
"CARD","gFhomWJfRGWaenLOfnnbs","2018-04-25","vVUNOIIkGfcJxDJJ","-8743801763053562922","54"
"CARD","ANvTRlyuhxQOVPbkYtnUGVoPhqgtN","2013-05-11","qxpqBvcqbbc","5422232084284851450","144"
"CARD","AZWGNDbwVydJjUFpuYnYyF","2026-08-29","olqwISJ","3148374138242468160","50"
"CARD","sDNHAyGTnNUJXqHscWZgWZAek","2016-01-18","DirveTpIBclzm","-3177460828019157714","112"
"CARD","GHGzfbDtBzsLhoyPjMXvK","2018-12-06","qrbmqXPOsLZgRVfijYgrjkBScvAf","-6874187357548605394","134"
"CARD","ZyFprInRwGnCzzKlBKKmer","2024-10-08","IMPAgkNoeYfbFOJRDNjNdmVGBtz","-5072279033266854643","174"
"CARD","vKOVaTwAKzvNq","2010-05-08","HVrbvjsWywtPAkEusXwpjF","-4862458310983528081","55"
"CARD","iOK","2013-07-05","esleAVkNopHIQgYGLlIATF","7088177799801431251","159"
"CARD","KoHURsAE","2029-08-17","FZObrvYcJZUdQpkNMRWMnuqMZjGmbG","7684209248681450047","106"
"CARD","CGXKUncoGjNmiufEezsqjyaf","2028-11-05","frIBPZPaBSoCKMLUHpjvOgdpkHbj","5184062981059583926","184"
"CARD","NlVSeUjkrTVXWWjRx","2027-01-06","FVXqaXZzZ","-3728563317299870475","46"
"CARD","zzgQumDOlHcTKpEDMMQAinV","2025-03-10","aHOczHSZ","-4780608640172359880","99"
"CARD","iCGpFLjieraUbUBrfUNpNDetDurdT","2011-05-26","EuwhAbssi","2455979106699100655","64"
"CARD","WTQmuzKx","2019-09-29","QWOsGZtOkrZUwsHIfhAdCfVqsdirC","-7485511250072376147","37"
"CARD","uMC","2013-06-29","yWsEJVFyrWhjUrBmye","464129667218230459","107"
"CARD","JABgJQuuFK","2029-03-25","RCwdOHKbJuFhfYRW","8872047501763869963","54"
"CARD","oNwEKoMHBjAjbiWSSSRpRXL","2022-04-19","AURzyt","-1809236213565810297","1"
"CARD","ivvEA","2024-04-27","BPQKbPFZ","3522110308609282802","149"
"CARD","UVNrvjOYQBbPzeteLsatwvGFiQts","2011-08-19","NzguJXznivAEBCzNd","-6515874447176300852","91"
"CARD","VWTmdEhzBFVRTXZmUxvJSmva","2019-06-24","x","6655198899095937788","12"
"CARD","TUfoRTFWHJLIJhaXcZuIhzs","2013-12-25","r","8497181353829310262","78"
"CARD","KcDFogAcFQmhFHUwjfZqFF","2021-03-27","olAXvJyVaIdUIjRDooPEq","-3871970790881311161","58"
"CARD","FjVTXbAxyytUeUpdT","2027-01-27","mxPZDfJpnljucaA","9156621176407554006","144"
"CARD","pwyfLmsdJYRkjim","2012-01-13","rUVcUFrXkDCl","-1739894264048449728","173"
"CARD","RaaRZRzdKkbZIPzm","2023-05-15","ZTKjOqBNPKtIXorhjjfmCaOsuPxVSvH","7293041913853572747","182"
"CARD","Um","2028-05-21","trzfWzzyVzubjvJIkgGTznStmeK","-6318734914872601423","23"
"CARD","wnznyWxIEdNybTSltmSVdRr","2019-10-07","TpAGWRBQ","7179958477716524206","86"
"CARD","FBWS","2019-06-12","Bim","-6384810907736422642","172"
"CARD","hZzpygzWW","2020-09-15","N","2942830067704181245","175"
"CARD","mDNEwMzSAIVgFdfXLVgkYpFTU","2027-04-24","eGJkNx","5055683775904687100","115"
"CARD","guXVjlM","2026-07-26","hlNFlbpkzznkDqTCbTyzjBs","-5389450659876230198","29"
"CARD","wShXIVYMjWEHQSE","2024-08-08","KbkQSblii","1432471619363884067","51"
"CARD","OIAFRT","2025-07-16","DKYXDZLrtrJuQBWIDgYyiI","6498478144691203172","148"
"CARD","tQCCJSmAVisPEazXFQ","2023-04-05","MwmkhrHNzaqwBtVGwiPCbswTskPsm","3242157950912020278","167"
"CARD","uHmkZMiepnpMzDtKhVhlB","2022-12-12","aZSVbLcYnzW","-2098998667635255610","1"
"CARD","YOJBDPGnnTRmRWBGLGy","2015-09-01","CS","-8387421563541118400","80"
"CARD","uypSsHjephMm","2010-02-07","bgJMGnFGFBvfJkmDDuTHUFVKTEct","7393966182881948287","74"
"CARD","wOnBTUKhZoJuScrpXLjIk","2013-03-20","yqWbQeADfDGDCKr","2544455523296736305","77"
"CARD","vZIVrwxwGDssxDbUJcQkzKoDlgF","2025-08-10","mfouzbiNkzolSFrPmBspQmSZlfHwjpa","4795739066758257634","50"
"CARD","AYfryQOoitUd","2025-11-01","vgoxhFpdhAsYtAucHKQgAvVrxXYOS","4407923366689692841","113"
"CARD","nacCGiPfxCWqsmEfdbMXUCCCzxUB","2016-03-27","vanGHwQecmTFS","-1302661199651701649","112"
"CARD","mxYeebyeFDWUEaRDQNcyWvMcJ","2010-06-23","ytJyNtGTiwZOXxVwz","-1547277218379235068","165"
"CARD","BdfDGVLepVmyiAqLJPtgxjc","2020-08-27","hlHZIrDfNbPBwMjiuaXwYkL","9169430916392441729","60"
"CARD","GOV","2017-04-09","nbcLSSVMjfBlCbiowTYcG","-5285488413524227162","146"
"CARD","HWbBGNtnskkhfRKByVq","2016-03-07","JyukSPpmZwsWSQbDSePCfYAHQ","-5469794270147709127","23"
"CARD","qMQJATcDzqOYckaL","2014-02-21","eJcplsIvZrB","-9084582868887416439","162"
"CARD","oOPviAEANVEUsIdsciNaArPuXnwtI","2013-03-01","pMxH","-8496564550122584662","133"
"CARD","XOXLWMWHopdnv","2017-04-25","lkmSxmfzdAmiHSI","-4211188558429830652","164"
"CARD","eHppUvBxtkWVBoxKEkXDuaeXUvAI","2010-05-26","rNtpIiXZzVxcuPIgGd","2098646007001996869","189"
"CARD","soJBn","2014-08-01","UZfuS","6872878149854661854","160"
"CARD","VyT","2012-12-12","UDgzqEzPGMpya","-6081775204203666552","28"
"CARD","pBmkgXvSAjWnhgSrtxxGlUCNKUWz","2016-10-04","VEtrnGdw","-8515149823388439917","181"
"CARD","fQTroOgmGCLxm","2016-02-12","mcDQGEsfvBpshCUZlRrNPeUifq","-5399568346689231645","39"
"CARD","IPxkgPzosPC","2011-10-19","ipWNYCZUubK","4571074189493711590","83"
"CARD","DclseQcuYowJuJsysAEowMeYRDl","2018-10-10","k","-437227255354908437","106"
"CARD","Ursda","2015-01-23","ngrlEgGmydfQJf","783625033685183911","112"
"CARD","dHHyCEtwZOgbEP","2019-04-13","VPDshQfIBEUanMgkChfQ","5294650415368417219","19"
"CARD","yjRkmdVpwuzrFOFXvODGZSyLFKV","2012-09-02","gGqQNsHf","1703353250326464966","24"
"CARD","pAmRvcwdcmr","2018-08-04","yLHyylzq","1719853957282226631","132"
"CARD","EzbwkWhcpjThQbiDvHfHOCGmidX","2025-05-03","Cx","4850722815290910361","5"
"CARD","XQngBcThqpVNqODawSp","2019-06-23","TcRveWPm","-7714440317152403846","71"
"CARD","exJVjoB","2025-02-20","NJoDKy","6284062842758404971","1"
"CARD","oJskXwLL","2026-11-30","ehqJJKWOFxxxFeeOcjHTrYJPUxjLQDA","-5197874893943812174","37"
"CARD","TBoZcebOzpaXIZCoSXesWzkGB","2013-03-15","JIXZhPehtwqlQyOKwRnTYjauA","8436826575809325382","190"
"CARD","jwCTSeCODYsELoVqtepGSijxlzk","2012-07-10","SndTkKJKKa","8097484686226531587","164"
"CARD","foiHRXgtABZoytUPmeVH","2022-09-01","fJMQreaGHnd","-328169602300968191","22"
"CARD","lGnpmpDuLcCWwviSUKnVxGJJtsu","2012-02-27","nBFLxgnMIhwLajpEDruolhda","-1329009433045288087","58"
"CARD","mMdH","2017-11-10","x","-5988566409764382836","12"
"CARD","dLU","2028-09-11","WESQ","-1639357540681730759","39"
"CARD","hISroEwTXbfkekflYym","2010-09-05","mhwNlc","1042360529279011451","175"
"CARD","fNgLpZBCfuyqfz","2026-06-22","z","-2351628070215184822","59"
"CARD","N","2011-03-24","qlxarvAjdnN","-6244840172709034286","81"
"CARD","gQRKAUNlMPqaEmZgSKBgSqGFqomq","2015-10-02","PYZGtGXudeQMlubLMUIs","9148898901243344991","167"
"CARD","eKYQGkEcAWlgeIYHVZgdIpfaIs","2028-03-28","pEAzw","-1142220923745560560","198"
"CARD","DkXUUHiqBDKqd","2018-08-18","fvxNRzti","-1644521300706014248","19"
"CARD","NmDkmkJtBAhfPetwpWd","2011-07-14","exaMoNxqdIdjNhWMFoiccHmqdKbmiLb","-2371153464626875009","21"
"CARD","RWjiwktdvNLWGYYsXisGTzAeyb","2025-08-14","mXAuLWoPOpnXeH","2665731322216945818","120"
"CARD","cIsbRuEoEmVMcsiMhqPjlgdvDtSBg","2022-09-28","LHKLXsjkW","5361599813084638138","80"
"CARD","efXz","2026-05-18","gCIYPQdNRZKkZRyEbxoHvd","-5169568109399530692","46"
"CARD","utrfuLwawEPREBGJhMxaVImxRxMH","2021-06-07","xLSVxrkJvO","1223650420922241152","141"
"CARD","LOWbndf","2010-12-21","ppcgdpfLRJRHqpnLLDqCU","8829849828817525364","184"
"CARD","wzjiZRtZVjaOhM","2023-04-07","qxudDELqvdxwLRXlVIeIktXeNyxioEa","-3808403044709028680","123"
"CARD","nnXfpi","2029-01-19","T","6327881182968680641","92"
"CARD","OQKuwKUcWNgUUUBX","2027-07-19","WdWbHgcDEIZxVDWMPauw","-1740410167489476412","187"
"CARD","i","2023-10-29","lFfHnwuAAngVPxOmxyZPDtRzXSHbmTo","-878052698813561255","43"
"CARD","AsgzdJNqRrNAISDeJ","2029-01-26","JApfIMIehBlcdmleXBlrBcevTyVE","-5797892881419090165","145"
"CARD","abtQvrisZWeAuaRFyCLVFQ","2013-05-10","VpJj","-8291178810868625579","99"
"CARD","n","2018-04-06","LKbGrBMFQC","2561786577346623681","48"
"CARD","JhmajiFIjCMHbF","2012-01-13","ccvKIJH","8374681548302590491","123"
"CARD","NjvcDuesidVHfcEkPBaBrSlKPVUh","2023-09-06","mMylAmxMSHXrasSLj","-3066034216399218438","73"
"CARD","aRVyuLddrSrngVwNELOxJtCwhm","2025-09-05","iOoEkK","4594620647156898317","159"
"CARD","tpUAH","2029-09-23","utSIexPk","7172033675931572719","110"
"CARD","NFBFdhIshPRUppUtpYw","2011-07-18","oW","1439737519548414576","36"
"CARD","ENelIuFjBRVqZfrFTXfaSbh","2022-03-10","AHsBiSkVYWd","7580206626566631567","175"
"CARD","TdFrx","2012-11-25","R","515611458417606047","176"
"CARD","BVuLEinaSAXEdOUrPvWtAGTzVOfM","2016-01-31","zzcVDdgtREPPRp","2498560788578077258","35"
"CARD","b","2012-06-07","mCnCUHXClesSpKoQuFubledeC","9153065200980130929","102"
"CARD","EcZCmFzxwEhYlVXSi","2019-09-01","RIfonTdVoTnFmhyqVkXs","6839992687073122586","133"
"CARD","lYAEFRhXKUXGCAaecHngMlXUnXu","2010-03-21","YqkVDxitNxN","4267234026383964648","89"
"CARD","wLnJAdUJdQFMfWyKAXQiAWFowvaigHY","2019-05-27","ItEaGikAWH","6305710296111423955","44"
"CARD","oHdxflQikxamDJjKqlFgIWndzkJXNy","2014-11-22","ZzfCpMDCCUctqQYcaYmztSKwZD","-8775276444238782693","18"
"CARD","qNLYddW","2011-11-12","DBGDLNeRjTCozp","-5167539141014456148","51"
"CARD","eh","2019-05-22","gFTYRiMIAVkRN","4208521553263473510","18"
"CARD","hEvBnTAsxWVjJnOMkhAnEOw","2027-02-20","SCwTesaCjJErQnVqliWvO","3959767866012702733","119"
"CARD","MneyLdXmJDGKKKAacCjFBTL","2027-09-13","GlK","2247807453096107216","84"
"CARD","dbqsbrgrLIymUVdjlYRnmfASm","2026-01-08","QbFfHwtYWCzyONixAeYjUi","2324393133796277659","119"
"CARD","ramFoXVmcWSy","2013-08-10","EizHoNqRNBiwctPtDYwyQkaH","-3740239022303415108","117"
"CARD","cYIjzJyXhuOkfDmhBUMnCxlHDZxQPvh","2010-07-26","cYuoHlidLoIesrKatCZ","-2514915038188979838","164"
"CARD","ssLXZocjINHFzMDWznICJsFpunJC","2016-03-28","ihHjTTsEGpgEvUsF","3052651106744515796","108"
"CARD","MTddiJofDjploKKNIXHRS","2029-02-07","JbJFQDNj","-6325869991355638782","78"
"CARD","WaOIeyOUnDddElLQtXYBkZQ","2026-05-27","ciOgJA","-4405204185122553805","167"
"CARD","rEbYhMvJCJoP","2016-04-02","SnMbRDljzJT","2074962854547402045","95"
"CARD","lxUvrvC","2019-08-23","IxDagphfIY","-1591444524571792174","119"
"CARD","aTQdabdircPz","2013-08-17","W","7682866581247695680","114"
"CARD","EPrMBtqdBRWWjRiTGhWuJNgPJouFb","2010-11-24","TSiZRpVBRoinDpHLUdzaOop","3448854247879553334","11"
"CARD","YJr","2014-07-20","VjimeaAJTWDBu","7782903340912904784","94"
"CARD","uOmPKHHaKjDXNfZZRTtHBpDIO","2027-06-01","yKnmacexOl","2294314358627625559","137"
"CARD","tYyNSCYdjJGNcTKziVsFic","2017-01-26","VAJJA","-8573779468080942218","37"
"CARD","DMqnMLAYSXcyauWXROwILgbQqjAiFt","2013-04-21","wwkT","-6921977418080801325","125"
"CARD","zdFPZCQRYOLTm","2013-12-14","BvYLGIsBS","-3444272235670569651","93"
"CARD","BKlHMSoDdNgiiTsjldlDAcFkV","2014-09-26","ZQA","5499159815410891860","35"
"CARD","usVSTtCxBuCQqJAJkoIqHa","2029-11-22","DiamtpdhUzwRT","7208132067728964364","110"
"CARD","jmdVKpeMmXzOrNCBnLPMeF","2029-09-22","Nl","-394971875725760449","161"
"CARD","qwIc","2028-04-06","ftE","-3226253144734925361","75"
"CARD","TZOxnma","2022-07-28","eL","-9153734659032482658","104"
"CARD","rjYDEjfqKQRaNNtsKTbBcFevw","2029-04-14","VDHqZawh","988800779074839594","133"
"CARD","brSUGwOduZvsbpkxltqD","2028-12-30","hqY","-5667035061771702192","123"
"CARD","BAShkmNSoiMyDuuAWqjf","2014-08-31","ZUrFhOqrctrytsCrOFofICNCS","-1838162107101768719","77"
"CARD","DWuDqwWNmrAsmryeBH","2013-11-21","IiGPdbwKJDxaIAZt","-5704649115665829520","130"
"CARD","QsBOiKfuGEoBvCbEAfRABtwF","2021-01-26","FhDtJIFIDI","-3500156612286068159","157"
"CARD","IPFdmRsjcibtMrRiDxiWvWbvgF","2025-11-29","AgS","-29274594134911741","46"
"CARD","cvAHMehFaNyINUyfrKxmxhjCmX","2025-03-20","kgHoTCJIwFwNHvKWDMckT","3411739356755275219","128"
"CARD","BGEEXLsPeNEFsi","2020-06-07","QAyzBggVxIBZNzDpAVJe","5771553696110720741","117"
"CARD","PqFakEMMBrfwnhGtigSuEFkhDdhw","2020-07-09","akDTqmsSGHiueWeFBHjrZbzQt","3306231493066133378","161"
"TRANSACTION","eOMtThyhVNLWUZNRcBaQKxI","yedUsFwdkelQbxeTeQOvaScfqIOOmaa","2024-06-18","150","58"
"TRANSACTION","dpHYZGhtgdntugzvvKAXLhM","LlN","2029-10-26","190","76"
"TRANSACTION","YdvDhtAsLghPXAgtbprXPZkhnfLTBSX","sPB","2015-01-25","3","6"
"TRANSACTION","aofGvthLoyPLDADYzx","WoaMAzEEplqjJ","2022-03-06","13","108"
"TRANSACTION","PBzMiJFouxILNv","FthRIkE","2026-02-12","120","16"
"TRANSACTION","Wru","zGVyIdgFUYNdkFYkkjNIeENlreqFLC","2027-07-05","26","82"
"TRANSACTION","teOlrImKiDpJbLDnvK","DiACnbEKIFidn","2024-04-27","92","4"
"TRANSACTION","LcdeWTdXPlQgjMVXbpRYzBT","jzlglRKAeamYUmWJtnJZLqwakeYcea","2011-06-10","65","156"
"TRANSACTION","WtKhlfZzDZ","xlpKnXmsjfwUTYgfExSOnq","2025-12-04","77","12"
"TRANSACTION","zQeAydAJIwkGuKWiVZLRcElhreuxvw","YVeSelxWdEtYtJHV","2021-07-29","100","85"
"TRANSACTION","VIhYOTAybWXyBzGqRe","wKkOqxJSqDjAtcDF","2028-02-29","152","125"
"TRANSACTION","MedmIqFUtdxTB","RRVabC","2012-12-23","196","21"
"TRANSACTION","O","bplgXS","2029-07-03","83","128"
"TRANSACTION","FkG","BXjwiQjQKBhPbNYa","2011-04-25","50","197"
"TRANSACTION","JUt","jWgnTkIeIrtqMPl","2011-05-23","35","199"
"TRANSACTION","rDetIVodUvethundXqBJQ","qPFJOkHIpWuqUBpPiSGKutNzPuBDe","2011-10-25","111","83"
"TRANSACTION","ZBzhTZzyzEYLAEhIrdjvCmERMl","QwRtlgJMzFfzLvgGOdyoxJF","2018-06-28","101","60"
"TRANSACTION","n","MJunJ","2027-06-28","177","73"
"TRANSACTION","TqAeeGGOsayeZaiid","NlrPLOmYMZqH","2021-07-03","36","97"
"TRANSACTION","r","GeRegVvr","2017-12-06","70","152"
"TRANSACTION","vXnsKKeWRvXUOo","MFOntGwQ","2015-03-02","73","122"
"TRANSACTION","xOAwBtmfSwKEpYp","QmhGWhGIMrvodaRacatwcYZz","2013-01-21","37","133"
"TRANSACTION","eulM","ShbjkpWHaCgIH","2015-03-18","11","103"
"TRANSACTION","XMQZIeIMC","cDoozHPdtFuXbglQmPpfaFWCNHGlJ","2019-03-27","75","173"
"TRANSACTION","blYrsQFiCOxvKWEjrAsPDzKxhf","mjLgOGYauEgmMmxBzA","2018-10-13","16","65"
"TRANSACTION","GsdXQSbMazTniYZanZqNTl","kfPAjvyKPihCrCmzoRxLcQsxVLytaE","2014-03-25","177","174"
"TRANSACTION","yaVUnOnIbTeygCJPTWqGbAIxv","EMePviztmdfqpvNrRqHVbFAphbnBMTI","2022-04-14","27","34"
"TRANSACTION","iPMA","OQVnUwQPraJHLPr","2010-09-02","62","45"
"TRANSACTION","CgyZxbpsUGupqoy","QpVRFpRXlWkaZgdLUFlWyKvdrHf","2023-10-12","31","159"
"TRANSACTION","hexbZwMuoE","MhthsxzczLQLnnaShLWsrKonDTdxYM","2023-09-07","194","87"
"TRANSACTION","fp","VNAHfDSY","2011-07-04","86","96"
"TRANSACTION","OcAqemov","uDfYPYRKGLkCycEvgJBLFguQPIDKGTe","2028-12-08","190","119"
"TRANSACTION","iHIVvNkATvQKBNBcIltsNMyznxPlsr","ucWTgYTk","2018-09-27","90","33"
"TRANSACTION","tAnEMeXnRAVNUSkRy","rsiAhLzZQryGvbioU","2023-11-17","26","56"
"TRANSACTION","wTiYlONPbytccZevAHtGXfY","KqoANO","2023-07-13","177","5"
"TRANSACTION","ePwoqFBxBHAcdvXeItY","cffjPqMDHeAwhGweLJpL","2022-07-30","179","114"
"TRANSACTION","ZIkowQoBkpSHWpDJcdJoylO","JWekLYCilwsmSglpMXbLsYY","2021-06-30","142","122"
"TRANSACTION","OqcjIO","MRvUFXXnMrEml","2017-10-05","127","157"
"TRANSACTION","SOtkMbpZjumQOYEaaDWymzE","pIwdYgEQzAPpmGvvtncdxYgVq","2013-10-13","125","24"
"TRANSACTION","ZozqmwXCSgjaOmseCOwlqrKytwgUOz","sLsMK","2010-07-15","152","191"
"TRANSACTION","BTazUiAWugTbTusLrUSDb","y","2010-08-19","1","6"
"TRANSACTION","A","OiXKrsyOBCjEqGXTSPTaSJMatrhF","2026-08-11","174","192"
"TRANSACTION","QZuwbTNxAeoJ","QtTOflXbHOncEUnOvXIXc","2024-10-20","129","26"
"TRANSACTION","eeyfZrJFBNaEuifCNkszyiEoQ","gZMLCkOPXmdXNjx","2028-10-30","22","194"
"TRANSACTION","gFhomWJfRGWaenLOfnnbs","vVUNOIIkGfcJxDJJ","2026-07-09","94","2"
"TRANSACTION","gbxddUcTxgUrCNPcqDB","qzRqqQguCWqel","2020-04-14","20","9"
"TRANSACTION","sDNHAyGTnNUJXqHscWZgWZAek","DirveTpIBclzm","2021-11-18","170","51"
"TRANSACTION","FAJPL","UOvna","2014-07-26","184","128"
"TRANSACTION","vKOVaTwAKzvNq","HVrbvjsWywtPAkEusXwpjF","2016-01-24","63","184"
"TRANSACTION","rAv","xsxbMLeWsiF","2023-11-26","44","109"
"TRANSACTION","CGXKUncoGjNmiufEezsqjyaf","frIBPZPaBSoCKMLUHpjvOgdpkHbj","2018-07-26","30","159"
"TRANSACTION","f","UZGjplCWIHgWC","2029-04-23","189","94"
"TRANSACTION","iCGpFLjieraUbUBrfUNpNDetDurdT","EuwhAbssi","2024-07-05","53","39"
"TRANSACTION","svnVdfMIWKK","RTzziBjTVesYHPeRqqnRMqkrUBXhc","2016-09-14","31","6"
"TRANSACTION","JABgJQuuFK","RCwdOHKbJuFhfYRW","2029-03-02","120","86"
"TRANSACTION","lmbnRTFArBmCsVoOcCJNSiiAR","GiEvtzMXGjrOkbSWTmyDBS","2019-09-16","158","134"
"TRANSACTION","UVNrvjOYQBbPzeteLsatwvGFiQts","NzguJXznivAEBCzNd","2014-11-29","83","55"
"TRANSACTION","pRATCjAxtoeahnuqTvlBMlDcVUfBfay","STDo","2023-11-27","58","13"
"TRANSACTION","KcDFogAcFQmhFHUwjfZqFF","olAXvJyVaIdUIjRDooPEq","2014-05-22","181","31"
"TRANSACTION","XcGJ","resTjMbmoOkFbaEzFrWlXC","2012-03-23","2","154"
"TRANSACTION","RaaRZRzdKkbZIPzm","ZTKjOqBNPKtIXorhjjfmCaOsuPxVSvH","2021-04-29","40","121"
"TRANSACTION","qUTKprXzzGKWJTteLLldkvYAfDigjGH","wMxHPeQPF","2020-04-17","53","159"
"TRANSACTION","FBWS","Bim","2013-02-03","73","140"
"TRANSACTION","EDGPoWXRYhzLCqZrqc","uhKmBaTubLYSdaWHUJH","2021-01-15","12","130"
"TRANSACTION","guXVjlM","hlNFlbpkzznkDqTCbTyzjBs","2015-04-07","190","138"
"TRANSACTION","cokqwrDqNcH","gRUMSrpufyRcqQ","2015-08-14","197","151"
"TRANSACTION","tQCCJSmAVisPEazXFQ","MwmkhrHNzaqwBtVGwiPCbswTskPsm","2018-04-25","122","54"
"TRANSACTION","qAAVxuf","hotdTNumcvVtskDixjrBneWUJHIQj","2013-05-11","50","144"
"TRANSACTION","uypSsHjephMm","bgJMGnFGFBvfJkmDDuTHUFVKTEct","2026-08-29","160","50"
"TRANSACTION","WF","hXtmlbUPHiKoeWHv","2016-01-18","114","112"
"TRANSACTION","AYfryQOoitUd","vgoxhFpdhAsYtAucHKQgAvVrxXYOS","2018-12-06","194","134"
"TRANSACTION","VPrbHKWutwfgBBOqUFX","WXgNZ","2024-10-08","43","174"
"TRANSACTION","BdfDGVLepVmyiAqLJPtgxjc","hlHZIrDfNbPBwMjiuaXwYkL","2010-05-08","81","55"
"TRANSACTION","wAJLMPeVaDdystZRyWrq","DAXMIcjiBHiaxqH","2013-07-05","51","159"
"TRANSACTION","qMQJATcDzqOYckaL","eJcplsIvZrB","2029-08-17","47","106"
"TRANSACTION","zewyLlmVqAiYBYXSMzFlvFMMMU","LGtcGLYciKMRVJcoPJkEftUCAxuFdU","2028-11-05","126","184"
"TRANSACTION","eHppUvBxtkWVBoxKEkXDuaeXUvAI","rNtpIiXZzVxcuPIgGd","2027-01-06","75","46"
"TRANSACTION","jjBMSLLSHbKBLTdcutLQHmcYwr","mXvImaolprvquZL","2025-03-10","80","99"
"TRANSACTION","pBmkgXvSAjWnhgSrtxxGlUCNKUWz","VEtrnGdw","2011-05-26","55","64"
"TRANSACTION","yGrenKpmdoZjoVRBhRDFRQljid","VEA","2019-09-29","147","37"
"TRANSACTION","DclseQcuYowJuJsysAEowMeYRDl","k","2013-06-29","59","107"
"TRANSACTION","EVXQaJTbWpZceEvqfsNQckHBDd","bSvQuqqPbGRwfEbT","2029-03-25","163","54"
"TRANSACTION","yjRkmdVpwuzrFOFXvODGZSyLFKV","gGqQNsHf","2022-04-19","97","1"
"TRANSACTION","wojzCtBlWnpEVRQWAGqLkFCjqbFSRR","UMtfIfATbDCsmsVfR","2024-04-27","2","149"
"TRANSACTION","XQngBcThqpVNqODawSp","TcRveWPm","2011-08-19","52","91"
"TRANSACTION","qXGsYnOlEVtoPwJbdXzExdWv","QEnx","2019-06-24","188","12"
"TRANSACTION","TBoZcebOzpaXIZCoSXesWzkGB","JIXZhPehtwqlQyOKwRnTYjauA","2013-12-25","62","78"
"TRANSACTION","nkYlpfjADcSTDyUMJzF","CdjUpS","2021-03-27","161","58"
"TRANSACTION","lGnpmpDuLcCWwviSUKnVxGJJtsu","nBFLxgnMIhwLajpEDruolhda","2027-01-27","6","144"
"TRANSACTION","JLKqkRmLoBqMeY","ELHLoSeYgAFmxlBuWtjEADfexbdcH","2012-01-13","128","173"
"TRANSACTION","hISroEwTXbfkekflYym","mhwNlc","2023-05-15","147","182"
"TRANSACTION","ubKPFcxZCFxI","pxzv","2028-05-21","23","23"
"TRANSACTION","gQRKAUNlMPqaEmZgSKBgSqGFqomq","PYZGtGXudeQMlubLMUIs","2019-10-07","6","86"
"TRANSACTION","DytDw","nshHyKXyfy","2019-06-12","42","172"
"TRANSACTION","NmDkmkJtBAhfPetwpWd","exaMoNxqdIdjNhWMFoiccHmqdKbmiLb","2020-09-15","45","175"
"TRANSACTION","VqpNUndfqgPvWaqiamGMlqLrsj","GtvHmnhYDCMHFfQU","2027-04-24","100","115"
"TRANSACTION","efXz","gCIYPQdNRZKkZRyEbxoHvd","2026-07-26","198","29"
"TRANSACTION","XZuhurwYRBXCrKKaBHSqAllRgbkDr","oAxquvlImhBQizUARkrceF","2024-08-08","67","51"
"TRANSACTION","wzjiZRtZVjaOhM","qxudDELqvdxwLRXlVIeIktXeNyxioEa","2025-07-16","172","148"
"TRANSACTION","IxMkdL","QGnZIhQAvW","2023-04-05","78","167"
"TRANSACTION","i","lFfHnwuAAngVPxOmxyZPDtRzXSHbmTo","2022-12-12","10","1"
"TRANSACTION","QRkivPJmLXRaomhPqYNDG","NlTARwGywNwKCKd","2015-09-01","1","80"
"TRANSACTION","n","LKbGrBMFQC","2010-02-07","87","74"
"TRANSACTION","RAFDLPQQuHkzdb","sddFiixxQTMrQYIRgfBNdz","2013-03-20","105","77"
"TRANSACTION","aRVyuLddrSrngVwNELOxJtCwhm","iOoEkK","2025-08-10","34","50"
"TRANSACTION","xkekLwIN","eWBWoILqfmousnjJc","2025-11-01","41","113"
"TRANSACTION","ENelIuFjBRVqZfrFTXfaSbh","AHsBiSkVYWd","2016-03-27","49","112"
"TRANSACTION","nlDgXEGTktBruqq","gEDVkgHGanSdhtgrPrlsze","2010-06-23","68","165"
"TRANSACTION","b","mCnCUHXClesSpKoQuFubledeC","2020-08-27","129","60"
"TRANSACTION","DydQOSoH","QcLgmGrsl","2017-04-09","162","146"
"TRANSACTION","wLnJAdUJdQFMfWyKAXQiAWFowvaigHY","ItEaGikAWH","2016-03-07","127","23"
"TRANSACTION","SwDQaijeYKbpPi","RPPbMBmmmFpmq","2014-02-21","39","162"
"TRANSACTION","eh","gFTYRiMIAVkRN","2013-03-01","62","133"
"TRANSACTION","OvATLsbyzzHQKqovdRChYN","NHuCXtLDfiFFjw","2017-04-25","52","164"
"TRANSACTION","dbqsbrgrLIymUVdjlYRnmfASm","QbFfHwtYWCzyONixAeYjUi","2010-05-26","69","189"
"TRANSACTION","umtRYvWN","g","2014-08-01","54","160"
"TRANSACTION","ssLXZocjINHFzMDWznICJsFpunJC","ihHjTTsEGpgEvUsF","2012-12-12","152","28"
"TRANSACTION","RQROVwCcIinbgvMATVPkCu","MwuizzlPCgKhAuztiTZYhkmVhPqZYAr","2016-10-04","117","181"
"TRANSACTION","rEbYhMvJCJoP","SnMbRDljzJT","2016-02-12","45","39"
"TRANSACTION","LYBrUxIZ","RW","2011-10-19","190","83"
"TRANSACTION","EPrMBtqdBRWWjRiTGhWuJNgPJouFb","TSiZRpVBRoinDpHLUdzaOop","2018-10-10","37","106"
"TRANSACTION","xRZCqkPGnu","RuZ","2015-01-23","111","112"
"TRANSACTION","tYyNSCYdjJGNcTKziVsFic","VAJJA","2019-04-13","19","19"
"TRANSACTION","LYBGAUWHm","hRHoDR","2012-09-02","166","24"
"TRANSACTION","BKlHMSoDdNgiiTsjldlDAcFkV","ZQA","2018-08-04","31","132"
"TRANSACTION","FKBFbWYUxaVnVyhYXcMK","vVyjVVXajflRwdZiEYrsv","2025-05-03","161","5"
"TRANSACTION","qwIc","ftE","2019-06-23","46","71"
"TRANSACTION","zTrhuIcbiMWLCI","qEQEcnOahcPQPfoSGIRRYNGjnsH","2025-02-20","171","1"
"TRANSACTION","brSUGwOduZvsbpkxltqD","hqY","2026-11-30","174","37"
"TRANSACTION","tGozJcum","HurfAmxNqQgSqth","2013-03-15","182","190"
"TRANSACTION","QsBOiKfuGEoBvCbEAfRABtwF","FhDtJIFIDI","2012-07-10","187","164"
"TRANSACTION","vdlYwGUiHoXooZOiA","BgEOzqb","2022-09-01","191","22"
"TRANSACTION","BGEEXLsPeNEFsi","QAyzBggVxIBZNzDpAVJe","2012-02-27","87","58"
"TRANSACTION","NifxunJ","rNjEShZrH","2017-11-10","36","12"
"TRANSACTION","LgFxyCuSHmsSXjiYyHgnCOzk","zCmXMMcdcvSYOsWwDmSrpveJiRAGvoP","2028-09-11","159","39"
"TRANSACTION","vkkLs","uxTWjTVjhcKjkQzqNKqPk","2010-09-05","51","175"
"TRANSACTION","NrxMJR","YEZbZHvhwelJcwYpeOJFQ","2026-06-22","22","59"
"TRANSACTION","dNHorIPZcUIAsnToHXJHT","pcmeudVULShLgMRPcV","2011-03-24","86","81"
"TRANSACTION","qzJtZHgkUUyUlyxuxuVJiYubBzIK","rcgz","2015-10-02","191","167"
"TRANSACTION","LAogTNsBsaAJeUo","Tqi","2028-03-28","160","198"
"TRANSACTION","LPcWnNhfXZqkdNRtH","GLLmyufxMIhmukCjDS","2018-08-18","48","19"
"TRANSACTION","gqYjcSa","voXJriQqWSbIjIw","2011-07-14","9","21"
"TRANSACTION","jGRloSEcmGYYfXPfjR","zOjThA","2025-08-14","18","120"
"TRANSACTION","dtWNyfIPDfPwyacHc","iBWthObkDKoCXcysqljgqh","2022-09-28","138","80"
"TRANSACTION","GwPDqK","QrvzcODbERGXWvwuGzRCdC","2026-05-18","92","46"
"TRANSACTION","KRrYxaHgjfnNHZdwzIuFCmsPqAC","FMP","2021-06-07","152","141"
"TRANSACTION","akZlyGccOttckdepgjTa","AzvVIsnfqdxZvVFzogZHYSojnC","2010-12-21","164","184"
"TRANSACTION","wLfzGnVVBuzrWfOf","ZHRugpULAlNYZHiPfPoAUoRyX","2023-04-07","80","123"
"TRANSACTION","UDjgRhUlvCzjG","kj","2029-01-19","41","92"
"TRANSACTION","NVOtLbtxEOwImusTgNkRImi","DNcFEsXxNppvoyJIzT","2027-07-19","12","187"
"TRANSACTION","LFJvYnTDp","wxNiMTFmUHruGmPX","2023-10-29","55","43"
"TRANSACTION","fMZrqexoJfIeFpYbpvwMEfgYJNGcGla","TCspoGInFtmjqFqYPOKJ","2029-01-26","165","145"
"TRANSACTION","PtoZqwTudPVMWDrD","PKzNxKMzs","2013-05-10","179","99"
"TRANSACTION","wtKwPXhucMyeUZEoUwCRkx","UAZGgJDa","2018-04-06","81","48"
"TRANSACTION","LgxjHLsjnrTNHIMKPtDUCKhBhi","SByIKKsShfJyDicpHHqSwbjjVCdeR","2012-01-13","91","123"
"TRANSACTION","AENDfUGjDoarncKHsewFobEZpYn","KjbMIQWtyJjNUmnAJGXrugvuGQewXj","2023-09-06","38","73"
"TRANSACTION","abGcqeuexTQhPVDdhI","al","2025-09-05","117","159"
"TRANSACTION","tQallHvkiQhXsTNRI","oVeXtmLDLRfbFxsElTIiYIElB","2029-09-23","119","110"
"TRANSACTION","LBKWPNlbShCMhrtsXHNSZDPTmely","izSRwNbChNbbBkQeEAtUeitmUOlgDW","2011-07-18","176","36"
"TRANSACTION","NzGVJpIKCNQRTjpyLGp","GuKbrYNciuCeDmibEBGCzgXVC","2022-03-10","167","175"
"TRANSACTION","YBuSuacFYDBgg","iyWeXzReBcLVEd","2012-11-25","47","176"
"TRANSACTION","mMzcaHc","TNKEgIrlpnuppkSIbSBvWeR","2016-01-31","58","35"
"TRANSACTION","zgCQJpBheyMAy","v","2012-06-07","129","102"
"TRANSACTION","LbotIYoHrYtsJMv","mZftrVhWhJZwKOkFNiukmWL","2019-09-01","186","133"
"TRANSACTION","YDIUwXPkhXeEGrqgybfTI","MgScozNnhbXHBsct","2010-03-21","48","89"
"TRANSACTION","qIQNrcJrycANIAKyYeusJTtEmLV","MRNGWrITJBTgcDoUXRQyqnahQTn","2019-05-27","155","44"
"TRANSACTION","XjNricGvmgFyyuCkD","egvyJswq","2014-11-22","93","18"
"TRANSACTION","quia","gbowinAvfpUsaJASDOIKAbqSA","2011-11-12","148","51"
"TRANSACTION","fDYlVtBjL","ilPkDpNPwGYfo","2019-05-22","110","18"
"TRANSACTION","cJhdJJyDkRaUbgMkgbzJfvdzaWDSm","RWYZwyLpWOFVlLSHiKvDNR","2027-02-20","133","119"
"TRANSACTION","ifiSquj","pFoMMGJfIblHLelXakkwzshDVjPb","2027-09-13","16","84"
"TRANSACTION","mb","IYUiQomPCRxZDUELh","2026-01-08","59","119"
"TRANSACTION","mhuSRTKSL","Yazfd","2013-08-10","108","117"
"TRANSACTION","abbLthKCjZiWxvjEKruhM","HnMO","2010-07-26","38","164"
"TRANSACTION","WbmJLlEuHzz","RUUZUzyziMRdwlLPJxWbYPZCeLI","2016-03-28","196","108"
"TRANSACTION","pGcotjaAr","LowBzJhUUmAtfryjTQxaGCTJtQ","2029-02-07","182","78"
"TRANSACTION","OHdtJgEIMUZ","fuIIGdXsvEATICEfsPabSPUvSaEema","2026-05-27","5","167"
"TRANSACTION","DJieWgCIelTITTKEXAtpVQwLL","psBZiCtzKAZtkOdRMKxRVdQkDO","2016-04-02","45","95"
"TRANSACTION","SccWjhtqKpqqn","SDzJsdukgiatg","2019-08-23","174","119"
"TRANSACTION","RUPVSpoOgR","VVpCCOaMsVVNpyOhzDcnypgyoHK","2013-08-17","80","114"
"TRANSACTION","THiQE","SwphivaktHTSNbkS","2010-11-24","134","11"
"TRANSACTION","GilukBnhuzjGMtFCYogVjqa","tJZpoEhjohSSnncOvoyAAW","2014-07-20","184","94"
"TRANSACTION","BOfeJGtaaRAGhTAuyPYuMLtNYbbZFhn","vP","2027-06-01","159","137"
"TRANSACTION","zXNRBaZsRQslDVBWqZKqlh","fP","2017-01-26","18","37"
"TRANSACTION","knbW","gWghjNedNUSiGMBccgurJ","2013-04-21","125","125"
"TRANSACTION","ksvaXP","jARgyJUnPAee","2013-12-14","51","93"
"TRANSACTION","bzaXhjvHcqwFIvigVTTBbqSyKgdS","AZYieoHuZYRSrcpDBR","2014-09-26","60","35"
"TRANSACTION","UsQHbcqRPdRSGCp","rrPTtjMhUqhOsZiKPdCmX","2029-11-22","164","110"
"TRANSACTION","N","aHBnLZRihRPfKgclq","2029-09-22","49","161"
"TRANSACTION","luvYCOlsCGkamufjYUswysiJOJWdy","wDktXEjW","2028-04-06","161","75"
"TRANSACTION","wxexLqvCohilRTAGBoXNTpXZJI","odpehzvEQtAlyzg","2022-07-28","58","104"
"TRANSACTION","augPzILyxwmWUIHsfirQoZYqqrb","cnf","2029-04-14","194","133"
"TRANSACTION","ZrIuvnpUKNCOJtvScxpFhWdYidxtm","BzClAAacAaHivrnOeGLmHsLJTzPFPi","2028-12-30","192","123"
"TRANSACTION","zBcVtrDKqkDnBgOvYf","GyWETtROnAAHVJXoTfjvhx","2014-08-31","119","77"
"TRANSACTION","q","kFNaulhsVUPkLlcc","2013-11-21","120","130"
"TRANSACTION","ZLDLZayvTHIBgkwPZoPRzmlUBSl","XgALgDdY","2021-01-26","159","157"
"TRANSACTION","fgnVi","CTHZZifXidz","2025-11-29","141","46"
"TRANSACTION","wXURSdlnMxGx","yqzeLcgBfwyOyfVmQNIqXbGS","2025-03-20","19","128"
"TRANSACTION","VZkVpmAVjcjU","OCMKdxRURgKQtPzBQbrmeGqL","2020-06-07","141","117"
"TRANSACTION","jo","fVIhGFYtkWPYdFCXzaPxSQOzvb","2020-07-09","178","161"
